<?xml version="1.0" encoding="UTF-8"?>
<!DOCTYPE mapper PUBLIC "-//mybatis.org//DTD Mapper 3.0//EN" "http://mybatis.org/dtd/mybatis-3-mapper.dtd">

<mapper namespace="com.kevinwong.module.sys.mapper.QrtzFiredTriggersMapper">

	<!-- 可根据自己的需求，是否要使用 -->
    <resultMap type="com.kevinwong.module.sys.entity.QrtzFiredTriggersEntity" id="qrtzFiredTriggersMap">
        <result property="schedName" column="SCHED_NAME"/>
        <result property="entryId" column="ENTRY_ID"/>
        <result property="triggerName" column="TRIGGER_NAME"/>
        <result property="triggerGroup" column="TRIGGER_GROUP"/>
        <result property="instanceName" column="INSTANCE_NAME"/>
        <result property="firedTime" column="FIRED_TIME"/>
        <result property="schedTime" column="SCHED_TIME"/>
        <result property="priority" column="PRIORITY"/>
        <result property="state" column="STATE"/>
        <result property="jobName" column="JOB_NAME"/>
        <result property="jobGroup" column="JOB_GROUP"/>
        <result property="isNonconcurrent" column="IS_NONCONCURRENT"/>
        <result property="requestsRecovery" column="REQUESTS_RECOVERY"/>
    </resultMap>


</mapper>