<?xml version="1.0" encoding="UTF-8"?>
<!DOCTYPE mapper PUBLIC "-//mybatis.org//DTD Mapper 3.0//EN" "http://mybatis.org/dtd/mybatis-3-mapper.dtd">

<mapper namespace="com.kevinwong.module.sys.mapper.LogMapper">

	<!-- 可根据自己的需求，是否要使用 -->
    <resultMap type="com.kevinwong.module.sys.entity.LogEntity" id="logMap">
        <result property="id" column="id"/>
        <result property="username" column="username"/>
        <result property="operation" column="operation"/>
        <result property="method" column="method"/>
        <result property="params" column="params"/>
        <result property="time" column="time"/>
        <result property="ip" column="ip"/>
        <result property="createDate" column="create_date"/>
    </resultMap>


</mapper>