<?xml version="1.0" encoding="UTF-8"?>
<!DOCTYPE mapper PUBLIC "-//mybatis.org//DTD Mapper 3.0//EN" "http://mybatis.org/dtd/mybatis-3-mapper.dtd">

<mapper namespace="com.kevinwong.module.sys.mapper.QrtzJobDetailsMapper">

	<!-- 可根据自己的需求，是否要使用 -->
    <resultMap type="com.kevinwong.module.sys.entity.QrtzJobDetailsEntity" id="qrtzJobDetailsMap">
        <result property="schedName" column="SCHED_NAME"/>
        <result property="jobName" column="JOB_NAME"/>
        <result property="jobGroup" column="JOB_GROUP"/>
        <result property="description" column="DESCRIPTION"/>
        <result property="jobClassName" column="JOB_CLASS_NAME"/>
        <result property="isDurable" column="IS_DURABLE"/>
        <result property="isNonconcurrent" column="IS_NONCONCURRENT"/>
        <result property="isUpdateData" column="IS_UPDATE_DATA"/>
        <result property="requestsRecovery" column="REQUESTS_RECOVERY"/>
        <result property="jobData" column="JOB_DATA"/>
    </resultMap>


</mapper>