<?xml version="1.0" encoding="UTF-8"?>
<!DOCTYPE mapper PUBLIC "-//mybatis.org//DTD Mapper 3.0//EN" "http://mybatis.org/dtd/mybatis-3-mapper.dtd">

<mapper namespace="com.kevinwong.module.sys.mapper.QrtzTriggersMapper">

	<!-- 可根据自己的需求，是否要使用 -->
    <resultMap type="com.kevinwong.module.sys.entity.QrtzTriggersEntity" id="qrtzTriggersMap">
        <result property="schedName" column="SCHED_NAME"/>
        <result property="triggerName" column="TRIGGER_NAME"/>
        <result property="triggerGroup" column="TRIGGER_GROUP"/>
        <result property="jobName" column="JOB_NAME"/>
        <result property="jobGroup" column="JOB_GROUP"/>
        <result property="description" column="DESCRIPTION"/>
        <result property="nextFireTime" column="NEXT_FIRE_TIME"/>
        <result property="prevFireTime" column="PREV_FIRE_TIME"/>
        <result property="priority" column="PRIORITY"/>
        <result property="triggerState" column="TRIGGER_STATE"/>
        <result property="triggerType" column="TRIGGER_TYPE"/>
        <result property="startTime" column="START_TIME"/>
        <result property="endTime" column="END_TIME"/>
        <result property="calendarName" column="CALENDAR_NAME"/>
        <result property="misfireInstr" column="MISFIRE_INSTR"/>
        <result property="jobData" column="JOB_DATA"/>
    </resultMap>


</mapper>