<?xml version="1.0" encoding="UTF-8"?>
<!DOCTYPE mapper PUBLIC "-//mybatis.org//DTD Mapper 3.0//EN" "http://mybatis.org/dtd/mybatis-3-mapper.dtd">

<mapper namespace="com.kevinwong.module.sys.mapper.QrtzSimpleTriggersMapper">

	<!-- 可根据自己的需求，是否要使用 -->
    <resultMap type="com.kevinwong.module.sys.entity.QrtzSimpleTriggersEntity" id="qrtzSimpleTriggersMap">
        <result property="schedName" column="SCHED_NAME"/>
        <result property="triggerName" column="TRIGGER_NAME"/>
        <result property="triggerGroup" column="TRIGGER_GROUP"/>
        <result property="repeatCount" column="REPEAT_COUNT"/>
        <result property="repeatInterval" column="REPEAT_INTERVAL"/>
        <result property="timesTriggered" column="TIMES_TRIGGERED"/>
    </resultMap>


</mapper>